name,wiki_url,gen
Abra,https://wiki.pokemonrevolution.net/index.php?title=Abra,I
Aerodactyl,https://wiki.pokemonrevolution.net/index.php?title=Aerodactyl,I
Alakazam,https://wiki.pokemonrevolution.net/index.php?title=Alakazam,I
Arbok,https://wiki.pokemonrevolution.net/index.php?title=Arbok,I
Arcanine,https://wiki.pokemonrevolution.net/index.php?title=Arcanine,I
Articuno,https://wiki.pokemonrevolution.net/index.php?title=Articuno,I
Beedrill,https://wiki.pokemonrevolution.net/index.php?title=Beedrill,I
Bellsprout,https://wiki.pokemonrevolution.net/index.php?title=Bellsprout,I
Blastoise,https://wiki.pokemonrevolution.net/index.php?title=Blastoise,I
Bulbasaur,https://wiki.pokemonrevolution.net/index.php?title=Bulbasaur,I
Butterfree,https://wiki.pokemonrevolution.net/index.php?title=Butterfree,I
Caterpie,https://wiki.pokemonrevolution.net/index.php?title=Caterpie,I
Chansey,https://wiki.pokemonrevolution.net/index.php?title=Chansey,I
Charizard,https://wiki.pokemonrevolution.net/index.php?title=Charizard,I
Charmander,https://wiki.pokemonrevolution.net/index.php?title=Charmander,I
Charmeleon,https://wiki.pokemonrevolution.net/index.php?title=Charmeleon,I
Clefable,https://wiki.pokemonrevolution.net/index.php?title=Clefable,I
Clefairy,https://wiki.pokemonrevolution.net/index.php?title=Clefairy,I
Cloyster,https://wiki.pokemonrevolution.net/index.php?title=Cloyster,I
Cubone,https://wiki.pokemonrevolution.net/index.php?title=Cubone,I
Dewgong,https://wiki.pokemonrevolution.net/index.php?title=Dewgong,I
Diglett,https://wiki.pokemonrevolution.net/index.php?title=Diglett,I
Ditto,https://wiki.pokemonrevolution.net/index.php?title=Ditto,I
Dodrio,https://wiki.pokemonrevolution.net/index.php?title=Dodrio,I
Doduo,https://wiki.pokemonrevolution.net/index.php?title=Doduo,I
Dragonair,https://wiki.pokemonrevolution.net/index.php?title=Dragonair,I
Dragonite,https://wiki.pokemonrevolution.net/index.php?title=Dragonite,I
Dratini,https://wiki.pokemonrevolution.net/index.php?title=Dratini,I
Drowzee,https://wiki.pokemonrevolution.net/index.php?title=Drowzee,I
Dugtrio,https://wiki.pokemonrevolution.net/index.php?title=Dugtrio,I
Eevee,https://wiki.pokemonrevolution.net/index.php?title=Eevee,I
Ekans,https://wiki.pokemonrevolution.net/index.php?title=Ekans,I
Electabuzz,https://wiki.pokemonrevolution.net/index.php?title=Electabuzz,I
Electrode,https://wiki.pokemonrevolution.net/index.php?title=Electrode,I
Exeggcute,https://wiki.pokemonrevolution.net/index.php?title=Exeggcute,I
Exeggutor,https://wiki.pokemonrevolution.net/index.php?title=Exeggutor,I
Farfetch'd,https://wiki.pokemonrevolution.net/index.php?title=Farfetch%27d,I
Fearow,https://wiki.pokemonrevolution.net/index.php?title=Fearow,I
Flareon,https://wiki.pokemonrevolution.net/index.php?title=Flareon,I
Gastly,https://wiki.pokemonrevolution.net/index.php?title=Gastly,I
Gengar,https://wiki.pokemonrevolution.net/index.php?title=Gengar,I
Geodude,https://wiki.pokemonrevolution.net/index.php?title=Geodude,I
Gloom,https://wiki.pokemonrevolution.net/index.php?title=Gloom,I
Golbat,https://wiki.pokemonrevolution.net/index.php?title=Golbat,I
Goldeen,https://wiki.pokemonrevolution.net/index.php?title=Goldeen,I
Golduck,https://wiki.pokemonrevolution.net/index.php?title=Golduck,I
Golem,https://wiki.pokemonrevolution.net/index.php?title=Golem,I
Graveler,https://wiki.pokemonrevolution.net/index.php?title=Graveler,I
Grimer,https://wiki.pokemonrevolution.net/index.php?title=Grimer,I
Growlithe,https://wiki.pokemonrevolution.net/index.php?title=Growlithe,I
Gyarados,https://wiki.pokemonrevolution.net/index.php?title=Gyarados,I
Haunter,https://wiki.pokemonrevolution.net/index.php?title=Haunter,I
Hitmonchan,https://wiki.pokemonrevolution.net/index.php?title=Hitmonchan,I
Hitmonlee,https://wiki.pokemonrevolution.net/index.php?title=Hitmonlee,I
Horsea,https://wiki.pokemonrevolution.net/index.php?title=Horsea,I
Hypno,https://wiki.pokemonrevolution.net/index.php?title=Hypno,I
Ivysaur,https://wiki.pokemonrevolution.net/index.php?title=Ivysaur,I
Jigglypuff,https://wiki.pokemonrevolution.net/index.php?title=Jigglypuff,I
Jolteon,https://wiki.pokemonrevolution.net/index.php?title=Jolteon,I
Jynx,https://wiki.pokemonrevolution.net/index.php?title=Jynx,I
Kabuto,https://wiki.pokemonrevolution.net/index.php?title=Kabuto,I
Kabutops,https://wiki.pokemonrevolution.net/index.php?title=Kabutops,I
Kadabra,https://wiki.pokemonrevolution.net/index.php?title=Kadabra,I
Kakuna,https://wiki.pokemonrevolution.net/index.php?title=Kakuna,I
Kangaskhan,https://wiki.pokemonrevolution.net/index.php?title=Kangaskhan,I
Kingler,https://wiki.pokemonrevolution.net/index.php?title=Kingler,I
Koffing,https://wiki.pokemonrevolution.net/index.php?title=Koffing,I
Krabby,https://wiki.pokemonrevolution.net/index.php?title=Krabby,I
Lapras,https://wiki.pokemonrevolution.net/index.php?title=Lapras,I
Lickitung,https://wiki.pokemonrevolution.net/index.php?title=Lickitung,I
Machamp,https://wiki.pokemonrevolution.net/index.php?title=Machamp,I
Machoke,https://wiki.pokemonrevolution.net/index.php?title=Machoke,I
Machop,https://wiki.pokemonrevolution.net/index.php?title=Machop,I
Magikarp,https://wiki.pokemonrevolution.net/index.php?title=Magikarp,I
Magmar,https://wiki.pokemonrevolution.net/index.php?title=Magmar,I
Magnemite,https://wiki.pokemonrevolution.net/index.php?title=Magnemite,I
Magneton,https://wiki.pokemonrevolution.net/index.php?title=Magneton,I
Mankey,https://wiki.pokemonrevolution.net/index.php?title=Mankey,I
Marowak,https://wiki.pokemonrevolution.net/index.php?title=Marowak,I
Meowth,https://wiki.pokemonrevolution.net/index.php?title=Meowth,I
Metapod,https://wiki.pokemonrevolution.net/index.php?title=Metapod,I
Mew,https://wiki.pokemonrevolution.net/index.php?title=Mew,I
Mewtwo,https://wiki.pokemonrevolution.net/index.php?title=Mewtwo,I
Moltres,https://wiki.pokemonrevolution.net/index.php?title=Moltres,I
Mr. Mime,https://wiki.pokemonrevolution.net/index.php?title=Mr._Mime,I
Muk,https://wiki.pokemonrevolution.net/index.php?title=Muk,I
Nidoking,https://wiki.pokemonrevolution.net/index.php?title=Nidoking,I
Nidoqueen,https://wiki.pokemonrevolution.net/index.php?title=Nidoqueen,I
Nidoran Female,https://wiki.pokemonrevolution.net/index.php?title=Nidoran_Female,I
Nidoran Male,https://wiki.pokemonrevolution.net/index.php?title=Nidoran_Male,I
Nidorina,https://wiki.pokemonrevolution.net/index.php?title=Nidorina,I
Nidorino,https://wiki.pokemonrevolution.net/index.php?title=Nidorino,I
Ninetales,https://wiki.pokemonrevolution.net/index.php?title=Ninetales,I
Oddish,https://wiki.pokemonrevolution.net/index.php?title=Oddish,I
Omanyte,https://wiki.pokemonrevolution.net/index.php?title=Omanyte,I
Omastar,https://wiki.pokemonrevolution.net/index.php?title=Omastar,I
Onix,https://wiki.pokemonrevolution.net/index.php?title=Onix,I
Paras,https://wiki.pokemonrevolution.net/index.php?title=Paras,I
Parasect,https://wiki.pokemonrevolution.net/index.php?title=Parasect,I
Persian,https://wiki.pokemonrevolution.net/index.php?title=Persian,I
Pidgeot,https://wiki.pokemonrevolution.net/index.php?title=Pidgeot,I
Pidgeotto,https://wiki.pokemonrevolution.net/index.php?title=Pidgeotto,I
Pidgey,https://wiki.pokemonrevolution.net/index.php?title=Pidgey,I
Pikachu,https://wiki.pokemonrevolution.net/index.php?title=Pikachu,I
Pinsir,https://wiki.pokemonrevolution.net/index.php?title=Pinsir,I
Poliwag,https://wiki.pokemonrevolution.net/index.php?title=Poliwag,I
Poliwhirl,https://wiki.pokemonrevolution.net/index.php?title=Poliwhirl,I
Poliwrath,https://wiki.pokemonrevolution.net/index.php?title=Poliwrath,I
Ponyta,https://wiki.pokemonrevolution.net/index.php?title=Ponyta,I
Porygon,https://wiki.pokemonrevolution.net/index.php?title=Porygon,I
Primeape,https://wiki.pokemonrevolution.net/index.php?title=Primeape,I
Psyduck,https://wiki.pokemonrevolution.net/index.php?title=Psyduck,I
Raichu,https://wiki.pokemonrevolution.net/index.php?title=Raichu,I
Rapidash,https://wiki.pokemonrevolution.net/index.php?title=Rapidash,I
Raticate,https://wiki.pokemonrevolution.net/index.php?title=Raticate,I
Rattata,https://wiki.pokemonrevolution.net/index.php?title=Rattata,I
Rhydon,https://wiki.pokemonrevolution.net/index.php?title=Rhydon,I
Rhyhorn,https://wiki.pokemonrevolution.net/index.php?title=Rhyhorn,I
Sandshrew,https://wiki.pokemonrevolution.net/index.php?title=Sandshrew,I
Sandslash,https://wiki.pokemonrevolution.net/index.php?title=Sandslash,I
Scyther,https://wiki.pokemonrevolution.net/index.php?title=Scyther,I
Seadra,https://wiki.pokemonrevolution.net/index.php?title=Seadra,I
Seaking,https://wiki.pokemonrevolution.net/index.php?title=Seaking,I
Seel,https://wiki.pokemonrevolution.net/index.php?title=Seel,I
Shellder,https://wiki.pokemonrevolution.net/index.php?title=Shellder,I
Slowbro,https://wiki.pokemonrevolution.net/index.php?title=Slowbro,I
Slowpoke,https://wiki.pokemonrevolution.net/index.php?title=Slowpoke,I
Snorlax,https://wiki.pokemonrevolution.net/index.php?title=Snorlax,I
Spearow,https://wiki.pokemonrevolution.net/index.php?title=Spearow,I
Squirtle,https://wiki.pokemonrevolution.net/index.php?title=Squirtle,I
Starmie,https://wiki.pokemonrevolution.net/index.php?title=Starmie,I
Staryu,https://wiki.pokemonrevolution.net/index.php?title=Staryu,I
Tangela,https://wiki.pokemonrevolution.net/index.php?title=Tangela,I
Tauros,https://wiki.pokemonrevolution.net/index.php?title=Tauros,I
Tentacool,https://wiki.pokemonrevolution.net/index.php?title=Tentacool,I
Tentacruel,https://wiki.pokemonrevolution.net/index.php?title=Tentacruel,I
Vaporeon,https://wiki.pokemonrevolution.net/index.php?title=Vaporeon,I
Venomoth,https://wiki.pokemonrevolution.net/index.php?title=Venomoth,I
Venonat,https://wiki.pokemonrevolution.net/index.php?title=Venonat,I
Venusaur,https://wiki.pokemonrevolution.net/index.php?title=Venusaur,I
Victreebel,https://wiki.pokemonrevolution.net/index.php?title=Victreebel,I
Vileplume,https://wiki.pokemonrevolution.net/index.php?title=Vileplume,I
Voltorb,https://wiki.pokemonrevolution.net/index.php?title=Voltorb,I
Vulpix,https://wiki.pokemonrevolution.net/index.php?title=Vulpix,I
Wartortle,https://wiki.pokemonrevolution.net/index.php?title=Wartortle,I
Weedle,https://wiki.pokemonrevolution.net/index.php?title=Weedle,I
Weepinbell,https://wiki.pokemonrevolution.net/index.php?title=Weepinbell,I
Weezing,https://wiki.pokemonrevolution.net/index.php?title=Weezing,I
Wigglytuff,https://wiki.pokemonrevolution.net/index.php?title=Wigglytuff,I
Zapdos,https://wiki.pokemonrevolution.net/index.php?title=Zapdos,I
Zubat,https://wiki.pokemonrevolution.net/index.php?title=Zubat,I
Aipom,https://wiki.pokemonrevolution.net/index.php?title=Aipom,II
Ampharos,https://wiki.pokemonrevolution.net/index.php?title=Ampharos,II
Ariados,https://wiki.pokemonrevolution.net/index.php?title=Ariados,II
Azumarill,https://wiki.pokemonrevolution.net/index.php?title=Azumarill,II
Baby XD001,https://wiki.pokemonrevolution.net/index.php?title=Baby_XD001,II
Bayleef,https://wiki.pokemonrevolution.net/index.php?title=Bayleef,II
Bellossom,https://wiki.pokemonrevolution.net/index.php?title=Bellossom,II
Blissey,https://wiki.pokemonrevolution.net/index.php?title=Blissey,II
Celebi,https://wiki.pokemonrevolution.net/index.php?title=Celebi,II
Chikorita,https://wiki.pokemonrevolution.net/index.php?title=Chikorita,II
Chinchou,https://wiki.pokemonrevolution.net/index.php?title=Chinchou,II
Cleffa,https://wiki.pokemonrevolution.net/index.php?title=Cleffa,II
Corsola,https://wiki.pokemonrevolution.net/index.php?title=Corsola,II
Crobat,https://wiki.pokemonrevolution.net/index.php?title=Crobat,II
Croconaw,https://wiki.pokemonrevolution.net/index.php?title=Croconaw,II
Cyndaquil,https://wiki.pokemonrevolution.net/index.php?title=Cyndaquil,II
Delibird,https://wiki.pokemonrevolution.net/index.php?title=Delibird,II
Donphan,https://wiki.pokemonrevolution.net/index.php?title=Donphan,II
Dunsparce,https://wiki.pokemonrevolution.net/index.php?title=Dunsparce,II
Elekid,https://wiki.pokemonrevolution.net/index.php?title=Elekid,II
Entei,https://wiki.pokemonrevolution.net/index.php?title=Entei,II
Espeon,https://wiki.pokemonrevolution.net/index.php?title=Espeon,II
Feraligatr,https://wiki.pokemonrevolution.net/index.php?title=Feraligatr,II
Flaaffy,https://wiki.pokemonrevolution.net/index.php?title=Flaaffy,II
Forretress,https://wiki.pokemonrevolution.net/index.php?title=Forretress,II
Furret,https://wiki.pokemonrevolution.net/index.php?title=Furret,II
Girafarig,https://wiki.pokemonrevolution.net/index.php?title=Girafarig,II
Gligar,https://wiki.pokemonrevolution.net/index.php?title=Gligar,II
Granbull,https://wiki.pokemonrevolution.net/index.php?title=Granbull,II
Heracross,https://wiki.pokemonrevolution.net/index.php?title=Heracross,II
Hitmontop,https://wiki.pokemonrevolution.net/index.php?title=Hitmontop,II
Ho-Oh,https://wiki.pokemonrevolution.net/index.php?title=Ho-Oh,II
Hoothoot,https://wiki.pokemonrevolution.net/index.php?title=Hoothoot,II
Hoppip,https://wiki.pokemonrevolution.net/index.php?title=Hoppip,II
Houndoom,https://wiki.pokemonrevolution.net/index.php?title=Houndoom,II
Houndour,https://wiki.pokemonrevolution.net/index.php?title=Houndour,II
Igglybuff,https://wiki.pokemonrevolution.net/index.php?title=Igglybuff,II
Jumpluff,https://wiki.pokemonrevolution.net/index.php?title=Jumpluff,II
Kingdra,https://wiki.pokemonrevolution.net/index.php?title=Kingdra,II
Lanturn,https://wiki.pokemonrevolution.net/index.php?title=Lanturn,II
Larvitar,https://wiki.pokemonrevolution.net/index.php?title=Larvitar,II
Ledian,https://wiki.pokemonrevolution.net/index.php?title=Ledian,II
Ledyba,https://wiki.pokemonrevolution.net/index.php?title=Ledyba,II
Lugia,https://wiki.pokemonrevolution.net/index.php?title=Lugia,II
Magby,https://wiki.pokemonrevolution.net/index.php?title=Magby,II
Magcargo,https://wiki.pokemonrevolution.net/index.php?title=Magcargo,II
Mantine,https://wiki.pokemonrevolution.net/index.php?title=Mantine,II
Mareep,https://wiki.pokemonrevolution.net/index.php?title=Mareep,II
Marill,https://wiki.pokemonrevolution.net/index.php?title=Marill,II
Meganium,https://wiki.pokemonrevolution.net/index.php?title=Meganium,II
Miltank,https://wiki.pokemonrevolution.net/index.php?title=Miltank,II
Misdreavus,https://wiki.pokemonrevolution.net/index.php?title=Misdreavus,II
Murkrow,https://wiki.pokemonrevolution.net/index.php?title=Murkrow,II
Natu,https://wiki.pokemonrevolution.net/index.php?title=Natu,II
Noctowl,https://wiki.pokemonrevolution.net/index.php?title=Noctowl,II
Octillery,https://wiki.pokemonrevolution.net/index.php?title=Octillery,II
Phanpy,https://wiki.pokemonrevolution.net/index.php?title=Phanpy,II
Pichu,https://wiki.pokemonrevolution.net/index.php?title=Pichu,II
Piloswine,https://wiki.pokemonrevolution.net/index.php?title=Piloswine,II
Pineco,https://wiki.pokemonrevolution.net/index.php?title=Pineco,II
Politoed,https://wiki.pokemonrevolution.net/index.php?title=Politoed,II
Porygon2,https://wiki.pokemonrevolution.net/index.php?title=Porygon2,II
Pupitar,https://wiki.pokemonrevolution.net/index.php?title=Pupitar,II
Quagsire,https://wiki.pokemonrevolution.net/index.php?title=Quagsire,II
Quilava,https://wiki.pokemonrevolution.net/index.php?title=Quilava,II
Qwilfish,https://wiki.pokemonrevolution.net/index.php?title=Qwilfish,II
Raikou,https://wiki.pokemonrevolution.net/index.php?title=Raikou,II
Remoraid,https://wiki.pokemonrevolution.net/index.php?title=Remoraid,II
Scizor,https://wiki.pokemonrevolution.net/index.php?title=Scizor,II
Sentret,https://wiki.pokemonrevolution.net/index.php?title=Sentret,II
Shuckle,https://wiki.pokemonrevolution.net/index.php?title=Shuckle,II
Skarmory,https://wiki.pokemonrevolution.net/index.php?title=Skarmory,II
Skiploom,https://wiki.pokemonrevolution.net/index.php?title=Skiploom,II
Slowking,https://wiki.pokemonrevolution.net/index.php?title=Slowking,II
Slugma,https://wiki.pokemonrevolution.net/index.php?title=Slugma,II
Smeargle,https://wiki.pokemonrevolution.net/index.php?title=Smeargle,II
Smoochum,https://wiki.pokemonrevolution.net/index.php?title=Smoochum,II
Sneasel,https://wiki.pokemonrevolution.net/index.php?title=Sneasel,II
Snubbull,https://wiki.pokemonrevolution.net/index.php?title=Snubbull,II
Spinarak,https://wiki.pokemonrevolution.net/index.php?title=Spinarak,II
Stantler,https://wiki.pokemonrevolution.net/index.php?title=Stantler,II
Steelix,https://wiki.pokemonrevolution.net/index.php?title=Steelix,II
Sudowoodo,https://wiki.pokemonrevolution.net/index.php?title=Sudowoodo,II
Suicune,https://wiki.pokemonrevolution.net/index.php?title=Suicune,II
Sunflora,https://wiki.pokemonrevolution.net/index.php?title=Sunflora,II
Sunkern,https://wiki.pokemonrevolution.net/index.php?title=Sunkern,II
Swinub,https://wiki.pokemonrevolution.net/index.php?title=Swinub,II
Teddiursa,https://wiki.pokemonrevolution.net/index.php?title=Teddiursa,II
Togepi,https://wiki.pokemonrevolution.net/index.php?title=Togepi,II
Togetic,https://wiki.pokemonrevolution.net/index.php?title=Togetic,II
Totodile,https://wiki.pokemonrevolution.net/index.php?title=Totodile,II
Typhlosion,https://wiki.pokemonrevolution.net/index.php?title=Typhlosion,II
Tyranitar,https://wiki.pokemonrevolution.net/index.php?title=Tyranitar,II
Tyrogue,https://wiki.pokemonrevolution.net/index.php?title=Tyrogue,II
Umbreon,https://wiki.pokemonrevolution.net/index.php?title=Umbreon,II
Unown,https://wiki.pokemonrevolution.net/index.php?title=Unown,II
Ursaring,https://wiki.pokemonrevolution.net/index.php?title=Ursaring,II
Wobbuffet,https://wiki.pokemonrevolution.net/index.php?title=Wobbuffet,II
Wooper,https://wiki.pokemonrevolution.net/index.php?title=Wooper,II
Xatu,https://wiki.pokemonrevolution.net/index.php?title=Xatu,II
Yanma,https://wiki.pokemonrevolution.net/index.php?title=Yanma,II
Absol,https://wiki.pokemonrevolution.net/index.php?title=Absol,III
Aggron,https://wiki.pokemonrevolution.net/index.php?title=Aggron,III
Altaria,https://wiki.pokemonrevolution.net/index.php?title=Altaria,III
Anorith,https://wiki.pokemonrevolution.net/index.php?title=Anorith,III
Armaldo,https://wiki.pokemonrevolution.net/index.php?title=Armaldo,III
Aron,https://wiki.pokemonrevolution.net/index.php?title=Aron,III
Azurill,https://wiki.pokemonrevolution.net/index.php?title=Azurill,III
Bagon,https://wiki.pokemonrevolution.net/index.php?title=Bagon,III
Baltoy,https://wiki.pokemonrevolution.net/index.php?title=Baltoy,III
Banette,https://wiki.pokemonrevolution.net/index.php?title=Banette,III
Barboach,https://wiki.pokemonrevolution.net/index.php?title=Barboach,III
Beautifly,https://wiki.pokemonrevolution.net/index.php?title=Beautifly,III
Beldum,https://wiki.pokemonrevolution.net/index.php?title=Beldum,III
Blaziken,https://wiki.pokemonrevolution.net/index.php?title=Blaziken,III
Breloom,https://wiki.pokemonrevolution.net/index.php?title=Breloom,III
Cacnea,https://wiki.pokemonrevolution.net/index.php?title=Cacnea,III
Cacturne,https://wiki.pokemonrevolution.net/index.php?title=Cacturne,III
Camerupt,https://wiki.pokemonrevolution.net/index.php?title=Camerupt,III
Carvanha,https://wiki.pokemonrevolution.net/index.php?title=Carvanha,III
Cascoon,https://wiki.pokemonrevolution.net/index.php?title=Cascoon,III
Castform,https://wiki.pokemonrevolution.net/index.php?title=Castform,III
Chimecho,https://wiki.pokemonrevolution.net/index.php?title=Chimecho,III
Clamperl,https://wiki.pokemonrevolution.net/index.php?title=Clamperl,III
Claydol,https://wiki.pokemonrevolution.net/index.php?title=Claydol,III
Combusken,https://wiki.pokemonrevolution.net/index.php?title=Combusken,III
Corphish,https://wiki.pokemonrevolution.net/index.php?title=Corphish,III
Cradily,https://wiki.pokemonrevolution.net/index.php?title=Cradily,III
Crawdaunt,https://wiki.pokemonrevolution.net/index.php?title=Crawdaunt,III
Delcatty,https://wiki.pokemonrevolution.net/index.php?title=Delcatty,III
Deoxys,https://wiki.pokemonrevolution.net/index.php?title=Deoxys,III
Dusclops,https://wiki.pokemonrevolution.net/index.php?title=Dusclops,III
Duskull,https://wiki.pokemonrevolution.net/index.php?title=Duskull,III
Dustox,https://wiki.pokemonrevolution.net/index.php?title=Dustox,III
Electrike,https://wiki.pokemonrevolution.net/index.php?title=Electrike,III
Exploud,https://wiki.pokemonrevolution.net/index.php?title=Exploud,III
Feebas,https://wiki.pokemonrevolution.net/index.php?title=Feebas,III
Flygon,https://wiki.pokemonrevolution.net/index.php?title=Flygon,III
Gardevoir,https://wiki.pokemonrevolution.net/index.php?title=Gardevoir,III
Glalie,https://wiki.pokemonrevolution.net/index.php?title=Glalie,III
Gorebyss,https://wiki.pokemonrevolution.net/index.php?title=Gorebyss,III
Groudon,https://wiki.pokemonrevolution.net/index.php?title=Groudon,III
Grovyle,https://wiki.pokemonrevolution.net/index.php?title=Grovyle,III
Grumpig,https://wiki.pokemonrevolution.net/index.php?title=Grumpig,III
Gulpin,https://wiki.pokemonrevolution.net/index.php?title=Gulpin,III
Hariyama,https://wiki.pokemonrevolution.net/index.php?title=Hariyama,III
Huntail,https://wiki.pokemonrevolution.net/index.php?title=Huntail,III
Illumise,https://wiki.pokemonrevolution.net/index.php?title=Illumise,III
Jirachi,https://wiki.pokemonrevolution.net/index.php?title=Jirachi,III
Kecleon,https://wiki.pokemonrevolution.net/index.php?title=Kecleon,III
Kirlia,https://wiki.pokemonrevolution.net/index.php?title=Kirlia,III
Kyogre,https://wiki.pokemonrevolution.net/index.php?title=Kyogre,III
Lairon,https://wiki.pokemonrevolution.net/index.php?title=Lairon,III
Latias,https://wiki.pokemonrevolution.net/index.php?title=Latias,III
Latios,https://wiki.pokemonrevolution.net/index.php?title=Latios,III
Lileep,https://wiki.pokemonrevolution.net/index.php?title=Lileep,III
Linoone,https://wiki.pokemonrevolution.net/index.php?title=Linoone,III
Lombre,https://wiki.pokemonrevolution.net/index.php?title=Lombre,III
Lotad,https://wiki.pokemonrevolution.net/index.php?title=Lotad,III
Loudred,https://wiki.pokemonrevolution.net/index.php?title=Loudred,III
Ludicolo,https://wiki.pokemonrevolution.net/index.php?title=Ludicolo,III
Lunatone,https://wiki.pokemonrevolution.net/index.php?title=Lunatone,III
Luvdisc,https://wiki.pokemonrevolution.net/index.php?title=Luvdisc,III
Makuhita,https://wiki.pokemonrevolution.net/index.php?title=Makuhita,III
Manectric,https://wiki.pokemonrevolution.net/index.php?title=Manectric,III
Marshtomp,https://wiki.pokemonrevolution.net/index.php?title=Marshtomp,III
Masquerain,https://wiki.pokemonrevolution.net/index.php?title=Masquerain,III
Mawile,https://wiki.pokemonrevolution.net/index.php?title=Mawile,III
Medicham,https://wiki.pokemonrevolution.net/index.php?title=Medicham,III
Meditite,https://wiki.pokemonrevolution.net/index.php?title=Meditite,III
Metagross,https://wiki.pokemonrevolution.net/index.php?title=Metagross,III
Metang,https://wiki.pokemonrevolution.net/index.php?title=Metang,III
Mightyena,https://wiki.pokemonrevolution.net/index.php?title=Mightyena,III
Milotic,https://wiki.pokemonrevolution.net/index.php?title=Milotic,III
Minun,https://wiki.pokemonrevolution.net/index.php?title=Minun,III
Mudkip,https://wiki.pokemonrevolution.net/index.php?title=Mudkip,III
Nincada,https://wiki.pokemonrevolution.net/index.php?title=Nincada,III
Ninjask,https://wiki.pokemonrevolution.net/index.php?title=Ninjask,III
Nosepass,https://wiki.pokemonrevolution.net/index.php?title=Nosepass,III
Numel,https://wiki.pokemonrevolution.net/index.php?title=Numel,III
Nuzleaf,https://wiki.pokemonrevolution.net/index.php?title=Nuzleaf,III
Pelipper,https://wiki.pokemonrevolution.net/index.php?title=Pelipper,III
Plusle,https://wiki.pokemonrevolution.net/index.php?title=Plusle,III
Poochyena,https://wiki.pokemonrevolution.net/index.php?title=Poochyena,III
Ralts,https://wiki.pokemonrevolution.net/index.php?title=Ralts,III
Rayquaza,https://wiki.pokemonrevolution.net/index.php?title=Rayquaza,III
Regice,https://wiki.pokemonrevolution.net/index.php?title=Regice,III
Regirock,https://wiki.pokemonrevolution.net/index.php?title=Regirock,III
Registeel,https://wiki.pokemonrevolution.net/index.php?title=Registeel,III
Relicanth,https://wiki.pokemonrevolution.net/index.php?title=Relicanth,III
Roselia,https://wiki.pokemonrevolution.net/index.php?title=Roselia,III
Sableye,https://wiki.pokemonrevolution.net/index.php?title=Sableye,III
Salamence,https://wiki.pokemonrevolution.net/index.php?title=Salamence,III
Sceptile,https://wiki.pokemonrevolution.net/index.php?title=Sceptile,III
Sealeo,https://wiki.pokemonrevolution.net/index.php?title=Sealeo,III
Seedot,https://wiki.pokemonrevolution.net/index.php?title=Seedot,III
Seviper,https://wiki.pokemonrevolution.net/index.php?title=Seviper,III
Sharpedo,https://wiki.pokemonrevolution.net/index.php?title=Sharpedo,III
Shedinja,https://wiki.pokemonrevolution.net/index.php?title=Shedinja,III
Shelgon,https://wiki.pokemonrevolution.net/index.php?title=Shelgon,III
Shiftry,https://wiki.pokemonrevolution.net/index.php?title=Shiftry,III
Shroomish,https://wiki.pokemonrevolution.net/index.php?title=Shroomish,III
Shuppet,https://wiki.pokemonrevolution.net/index.php?title=Shuppet,III
Silcoon,https://wiki.pokemonrevolution.net/index.php?title=Silcoon,III
Skitty,https://wiki.pokemonrevolution.net/index.php?title=Skitty,III
Slaking,https://wiki.pokemonrevolution.net/index.php?title=Slaking,III
Slakoth,https://wiki.pokemonrevolution.net/index.php?title=Slakoth,III
Snorunt,https://wiki.pokemonrevolution.net/index.php?title=Snorunt,III
Solrock,https://wiki.pokemonrevolution.net/index.php?title=Solrock,III
Spheal,https://wiki.pokemonrevolution.net/index.php?title=Spheal,III
Spinda,https://wiki.pokemonrevolution.net/index.php?title=Spinda,III
Spoink,https://wiki.pokemonrevolution.net/index.php?title=Spoink,III
Surskit,https://wiki.pokemonrevolution.net/index.php?title=Surskit,III
Swablu,https://wiki.pokemonrevolution.net/index.php?title=Swablu,III
Swalot,https://wiki.pokemonrevolution.net/index.php?title=Swalot,III
Swampert,https://wiki.pokemonrevolution.net/index.php?title=Swampert,III
Swellow,https://wiki.pokemonrevolution.net/index.php?title=Swellow,III
Taillow,https://wiki.pokemonrevolution.net/index.php?title=Taillow,III
Torchic,https://wiki.pokemonrevolution.net/index.php?title=Torchic,III
Torkoal,https://wiki.pokemonrevolution.net/index.php?title=Torkoal,III
Trapinch,https://wiki.pokemonrevolution.net/index.php?title=Trapinch,III
Treecko,https://wiki.pokemonrevolution.net/index.php?title=Treecko,III
Tropius,https://wiki.pokemonrevolution.net/index.php?title=Tropius,III
Vibrava,https://wiki.pokemonrevolution.net/index.php?title=Vibrava,III
Vigoroth,https://wiki.pokemonrevolution.net/index.php?title=Vigoroth,III
Volbeat,https://wiki.pokemonrevolution.net/index.php?title=Volbeat,III
Wailmer,https://wiki.pokemonrevolution.net/index.php?title=Wailmer,III
Wailord,https://wiki.pokemonrevolution.net/index.php?title=Wailord,III
Walrein,https://wiki.pokemonrevolution.net/index.php?title=Walrein,III
Whiscash,https://wiki.pokemonrevolution.net/index.php?title=Whiscash,III
Whismur,https://wiki.pokemonrevolution.net/index.php?title=Whismur,III
Wingull,https://wiki.pokemonrevolution.net/index.php?title=Wingull,III
Wurmple,https://wiki.pokemonrevolution.net/index.php?title=Wurmple,III
Wynaut,https://wiki.pokemonrevolution.net/index.php?title=Wynaut,III
Zangoose,https://wiki.pokemonrevolution.net/index.php?title=Zangoose,III
Zigzagoon,https://wiki.pokemonrevolution.net/index.php?title=Zigzagoon,III
Abomasnow,https://wiki.pokemonrevolution.net/index.php?title=Abomasnow,IV
Ambipom,https://wiki.pokemonrevolution.net/index.php?title=Ambipom,IV
Arceus,https://wiki.pokemonrevolution.net/index.php?title=Arceus,IV
Azelf,https://wiki.pokemonrevolution.net/index.php?title=Azelf,IV
Bastiodon,https://wiki.pokemonrevolution.net/index.php?title=Bastiodon,IV
Bibarel,https://wiki.pokemonrevolution.net/index.php?title=Bibarel,IV
Bidoof,https://wiki.pokemonrevolution.net/index.php?title=Bidoof,IV
Bonsly,https://wiki.pokemonrevolution.net/index.php?title=Bonsly,IV
Bronzong,https://wiki.pokemonrevolution.net/index.php?title=Bronzong,IV
Bronzor,https://wiki.pokemonrevolution.net/index.php?title=Bronzor,IV
Budew,https://wiki.pokemonrevolution.net/index.php?title=Budew,IV
Buizel,https://wiki.pokemonrevolution.net/index.php?title=Buizel,IV
Buneary,https://wiki.pokemonrevolution.net/index.php?title=Buneary,IV
Burmy,https://wiki.pokemonrevolution.net/index.php?title=Burmy,IV
Carnivine,https://wiki.pokemonrevolution.net/index.php?title=Carnivine,IV
Chatot,https://wiki.pokemonrevolution.net/index.php?title=Chatot,IV
Cherrim,https://wiki.pokemonrevolution.net/index.php?title=Cherrim,IV
Cherubi,https://wiki.pokemonrevolution.net/index.php?title=Cherubi,IV
Chimchar,https://wiki.pokemonrevolution.net/index.php?title=Chimchar,IV
Chingling,https://wiki.pokemonrevolution.net/index.php?title=Chingling,IV
Combee,https://wiki.pokemonrevolution.net/index.php?title=Combee,IV
Cranidos,https://wiki.pokemonrevolution.net/index.php?title=Cranidos,IV
Cresselia,https://wiki.pokemonrevolution.net/index.php?title=Cresselia,IV
Croagunk,https://wiki.pokemonrevolution.net/index.php?title=Croagunk,IV
Darkrai,https://wiki.pokemonrevolution.net/index.php?title=Darkrai,IV
Dialga,https://wiki.pokemonrevolution.net/index.php?title=Dialga,IV
Drapion,https://wiki.pokemonrevolution.net/index.php?title=Drapion,IV
Drifblim,https://wiki.pokemonrevolution.net/index.php?title=Drifblim,IV
Drifloon,https://wiki.pokemonrevolution.net/index.php?title=Drifloon,IV
Dusknoir,https://wiki.pokemonrevolution.net/index.php?title=Dusknoir,IV
Electivire,https://wiki.pokemonrevolution.net/index.php?title=Electivire,IV
Empoleon,https://wiki.pokemonrevolution.net/index.php?title=Empoleon,IV
Finneon,https://wiki.pokemonrevolution.net/index.php?title=Finneon,IV
Floatzel,https://wiki.pokemonrevolution.net/index.php?title=Floatzel,IV
Froslass,https://wiki.pokemonrevolution.net/index.php?title=Froslass,IV
Gabite,https://wiki.pokemonrevolution.net/index.php?title=Gabite,IV
Gallade,https://wiki.pokemonrevolution.net/index.php?title=Gallade,IV
Garchomp,https://wiki.pokemonrevolution.net/index.php?title=Garchomp,IV
Gastrodon,https://wiki.pokemonrevolution.net/index.php?title=Gastrodon,IV
Gible,https://wiki.pokemonrevolution.net/index.php?title=Gible,IV
Giratina,https://wiki.pokemonrevolution.net/index.php?title=Giratina,IV
Glaceon,https://wiki.pokemonrevolution.net/index.php?title=Glaceon,IV
Glameow,https://wiki.pokemonrevolution.net/index.php?title=Glameow,IV
Gliscor,https://wiki.pokemonrevolution.net/index.php?title=Gliscor,IV
Grotle,https://wiki.pokemonrevolution.net/index.php?title=Grotle,IV
Happiny,https://wiki.pokemonrevolution.net/index.php?title=Happiny,IV
Heatran,https://wiki.pokemonrevolution.net/index.php?title=Heatran,IV
Hippopotas,https://wiki.pokemonrevolution.net/index.php?title=Hippopotas,IV
Hippowdon,https://wiki.pokemonrevolution.net/index.php?title=Hippowdon,IV
Honchkrow,https://wiki.pokemonrevolution.net/index.php?title=Honchkrow,IV
Infernape,https://wiki.pokemonrevolution.net/index.php?title=Infernape,IV
Kricketot,https://wiki.pokemonrevolution.net/index.php?title=Kricketot,IV
Kricketune,https://wiki.pokemonrevolution.net/index.php?title=Kricketune,IV
Leafeon,https://wiki.pokemonrevolution.net/index.php?title=Leafeon,IV
Lickilicky,https://wiki.pokemonrevolution.net/index.php?title=Lickilicky,IV
Lopunny,https://wiki.pokemonrevolution.net/index.php?title=Lopunny,IV
Lucario,https://wiki.pokemonrevolution.net/index.php?title=Lucario,IV
Lumineon,https://wiki.pokemonrevolution.net/index.php?title=Lumineon,IV
Luxio,https://wiki.pokemonrevolution.net/index.php?title=Luxio,IV
Luxray,https://wiki.pokemonrevolution.net/index.php?title=Luxray,IV
Magmortar,https://wiki.pokemonrevolution.net/index.php?title=Magmortar,IV
Magnezone,https://wiki.pokemonrevolution.net/index.php?title=Magnezone,IV
Mamoswine,https://wiki.pokemonrevolution.net/index.php?title=Mamoswine,IV
Manaphy,https://wiki.pokemonrevolution.net/index.php?title=Manaphy,IV
Mantyke,https://wiki.pokemonrevolution.net/index.php?title=Mantyke,IV
Mesprit,https://wiki.pokemonrevolution.net/index.php?title=Mesprit,IV
Mime Jr.,https://wiki.pokemonrevolution.net/index.php?title=Mime_Jr.,IV
Mismagius,https://wiki.pokemonrevolution.net/index.php?title=Mismagius,IV
Monferno,https://wiki.pokemonrevolution.net/index.php?title=Monferno,IV
Mothim,https://wiki.pokemonrevolution.net/index.php?title=Mothim,IV
Munchlax,https://wiki.pokemonrevolution.net/index.php?title=Munchlax,IV
Pachirisu,https://wiki.pokemonrevolution.net/index.php?title=Pachirisu,IV
Palkia,https://wiki.pokemonrevolution.net/index.php?title=Palkia,IV
Phione,https://wiki.pokemonrevolution.net/index.php?title=Phione,IV
Piplup,https://wiki.pokemonrevolution.net/index.php?title=Piplup,IV
Porygon-Z,https://wiki.pokemonrevolution.net/index.php?title=Porygon-Z,IV
Prinplup,https://wiki.pokemonrevolution.net/index.php?title=Prinplup,IV
Probopass,https://wiki.pokemonrevolution.net/index.php?title=Probopass,IV
Purugly,https://wiki.pokemonrevolution.net/index.php?title=Purugly,IV
Rampardos,https://wiki.pokemonrevolution.net/index.php?title=Rampardos,IV
Regigigas,https://wiki.pokemonrevolution.net/index.php?title=Regigigas,IV
Rhyperior,https://wiki.pokemonrevolution.net/index.php?title=Rhyperior,IV
Riolu,https://wiki.pokemonrevolution.net/index.php?title=Riolu,IV
Roserade,https://wiki.pokemonrevolution.net/index.php?title=Roserade,IV
Rotom,https://wiki.pokemonrevolution.net/index.php?title=Rotom,IV
Shaymin,https://wiki.pokemonrevolution.net/index.php?title=Shaymin,IV
Shellos,https://wiki.pokemonrevolution.net/index.php?title=Shellos,IV
Shieldon,https://wiki.pokemonrevolution.net/index.php?title=Shieldon,IV
Shinx,https://wiki.pokemonrevolution.net/index.php?title=Shinx,IV
Skorupi,https://wiki.pokemonrevolution.net/index.php?title=Skorupi,IV
Skuntank,https://wiki.pokemonrevolution.net/index.php?title=Skuntank,IV
Snover,https://wiki.pokemonrevolution.net/index.php?title=Snover,IV
Spiritomb,https://wiki.pokemonrevolution.net/index.php?title=Spiritomb,IV
Staraptor,https://wiki.pokemonrevolution.net/index.php?title=Staraptor,IV
Staravia,https://wiki.pokemonrevolution.net/index.php?title=Staravia,IV
Starly,https://wiki.pokemonrevolution.net/index.php?title=Starly,IV
Stunky,https://wiki.pokemonrevolution.net/index.php?title=Stunky,IV
Tangrowth,https://wiki.pokemonrevolution.net/index.php?title=Tangrowth,IV
Togekiss,https://wiki.pokemonrevolution.net/index.php?title=Togekiss,IV
Torterra,https://wiki.pokemonrevolution.net/index.php?title=Torterra,IV
Toxicroak,https://wiki.pokemonrevolution.net/index.php?title=Toxicroak,IV
Turtwig,https://wiki.pokemonrevolution.net/index.php?title=Turtwig,IV
Uxie,https://wiki.pokemonrevolution.net/index.php?title=Uxie,IV
Vespiquen,https://wiki.pokemonrevolution.net/index.php?title=Vespiquen,IV
Weavile,https://wiki.pokemonrevolution.net/index.php?title=Weavile,IV
Wormadam-Plant,https://wiki.pokemonrevolution.net/index.php?title=Wormadam-Plant,IV
Yanmega,https://wiki.pokemonrevolution.net/index.php?title=Yanmega,IV
Accelgor,https://wiki.pokemonrevolution.net/index.php?title=Accelgor,V
Alomomola,https://wiki.pokemonrevolution.net/index.php?title=Alomomola,V
Amoonguss,https://wiki.pokemonrevolution.net/index.php?title=Amoonguss,V
Archen,https://wiki.pokemonrevolution.net/index.php?title=Archen,V
Archeops,https://wiki.pokemonrevolution.net/index.php?title=Archeops,V
Audino,https://wiki.pokemonrevolution.net/index.php?title=Audino,V
Axew,https://wiki.pokemonrevolution.net/index.php?title=Axew,V
Basculin,https://wiki.pokemonrevolution.net/index.php?title=Basculin,V
Beartic,https://wiki.pokemonrevolution.net/index.php?title=Beartic,V
Beheeyem,https://wiki.pokemonrevolution.net/index.php?title=Beheeyem,V
Bisharp,https://wiki.pokemonrevolution.net/index.php?title=Bisharp,V
Blitzle,https://wiki.pokemonrevolution.net/index.php?title=Blitzle,V
Boldore,https://wiki.pokemonrevolution.net/index.php?title=Boldore,V
Bouffalant,https://wiki.pokemonrevolution.net/index.php?title=Bouffalant,V
Braviary,https://wiki.pokemonrevolution.net/index.php?title=Braviary,V
Carracosta,https://wiki.pokemonrevolution.net/index.php?title=Carracosta,V
Chandelure,https://wiki.pokemonrevolution.net/index.php?title=Chandelure,V
Cinccino,https://wiki.pokemonrevolution.net/index.php?title=Cinccino,V
Cobalion,https://wiki.pokemonrevolution.net/index.php?title=Cobalion,V
Cofagrigus,https://wiki.pokemonrevolution.net/index.php?title=Cofagrigus,V
Conkeldurr,https://wiki.pokemonrevolution.net/index.php?title=Conkeldurr,V
Cottonee,https://wiki.pokemonrevolution.net/index.php?title=Cottonee,V
Crustle,https://wiki.pokemonrevolution.net/index.php?title=Crustle,V
Cryogonal,https://wiki.pokemonrevolution.net/index.php?title=Cryogonal,V
Cubchoo,https://wiki.pokemonrevolution.net/index.php?title=Cubchoo,V
Darmanitan,https://wiki.pokemonrevolution.net/index.php?title=Darmanitan,V
Darumaka,https://wiki.pokemonrevolution.net/index.php?title=Darumaka,V
Deerling,https://wiki.pokemonrevolution.net/index.php?title=Deerling,V
Deino,https://wiki.pokemonrevolution.net/index.php?title=Deino,V
Dewott,https://wiki.pokemonrevolution.net/index.php?title=Dewott,V
Drilbur,https://wiki.pokemonrevolution.net/index.php?title=Drilbur,V
Druddigon,https://wiki.pokemonrevolution.net/index.php?title=Druddigon,V
Ducklett,https://wiki.pokemonrevolution.net/index.php?title=Ducklett,V
Duosion,https://wiki.pokemonrevolution.net/index.php?title=Duosion,V
Durant,https://wiki.pokemonrevolution.net/index.php?title=Durant,V
Dwebble,https://wiki.pokemonrevolution.net/index.php?title=Dwebble,V
Eelektrik,https://wiki.pokemonrevolution.net/index.php?title=Eelektrik,V
Eelektross,https://wiki.pokemonrevolution.net/index.php?title=Eelektross,V
Elgyem,https://wiki.pokemonrevolution.net/index.php?title=Elgyem,V
Emboar,https://wiki.pokemonrevolution.net/index.php?title=Emboar,V
Emolga,https://wiki.pokemonrevolution.net/index.php?title=Emolga,V
Escavalier,https://wiki.pokemonrevolution.net/index.php?title=Escavalier,V
Excadrill,https://wiki.pokemonrevolution.net/index.php?title=Excadrill,V
Ferroseed,https://wiki.pokemonrevolution.net/index.php?title=Ferroseed,V
Ferrothorn,https://wiki.pokemonrevolution.net/index.php?title=Ferrothorn,V
Foongus,https://wiki.pokemonrevolution.net/index.php?title=Foongus,V
Fraxure,https://wiki.pokemonrevolution.net/index.php?title=Fraxure,V
Frillish,https://wiki.pokemonrevolution.net/index.php?title=Frillish,V
Galvantula,https://wiki.pokemonrevolution.net/index.php?title=Galvantula,V
Garbodor,https://wiki.pokemonrevolution.net/index.php?title=Garbodor,V
Genesect,https://wiki.pokemonrevolution.net/index.php?title=Genesect,V
Gigalith,https://wiki.pokemonrevolution.net/index.php?title=Gigalith,V
Golett,https://wiki.pokemonrevolution.net/index.php?title=Golett,V
Golurk,https://wiki.pokemonrevolution.net/index.php?title=Golurk,V
Gothita,https://wiki.pokemonrevolution.net/index.php?title=Gothita,V
Gothitelle,https://wiki.pokemonrevolution.net/index.php?title=Gothitelle,V
Gothorita,https://wiki.pokemonrevolution.net/index.php?title=Gothorita,V
Gurdurr,https://wiki.pokemonrevolution.net/index.php?title=Gurdurr,V
Haxorus,https://wiki.pokemonrevolution.net/index.php?title=Haxorus,V
Heatmor,https://wiki.pokemonrevolution.net/index.php?title=Heatmor,V
Herdier,https://wiki.pokemonrevolution.net/index.php?title=Herdier,V
Hydreigon,https://wiki.pokemonrevolution.net/index.php?title=Hydreigon,V
Jellicent,https://wiki.pokemonrevolution.net/index.php?title=Jellicent,V
Joltik,https://wiki.pokemonrevolution.net/index.php?title=Joltik,V
Karrablast,https://wiki.pokemonrevolution.net/index.php?title=Karrablast,V
Keldeo,https://wiki.pokemonrevolution.net/index.php?title=Keldeo,V
Klang,https://wiki.pokemonrevolution.net/index.php?title=Klang,V
Klink,https://wiki.pokemonrevolution.net/index.php?title=Klink,V
Klinklang,https://wiki.pokemonrevolution.net/index.php?title=Klinklang,V
Krokorok,https://wiki.pokemonrevolution.net/index.php?title=Krokorok,V
Krookodile,https://wiki.pokemonrevolution.net/index.php?title=Krookodile,V
Kyurem,https://wiki.pokemonrevolution.net/index.php?title=Kyurem,V
Lampent,https://wiki.pokemonrevolution.net/index.php?title=Lampent,V
Landorus,https://wiki.pokemonrevolution.net/index.php?title=Landorus,V
Larvesta,https://wiki.pokemonrevolution.net/index.php?title=Larvesta,V
Leavanny,https://wiki.pokemonrevolution.net/index.php?title=Leavanny,V
Liepard,https://wiki.pokemonrevolution.net/index.php?title=Liepard,V
Lilligant,https://wiki.pokemonrevolution.net/index.php?title=Lilligant,V
Lillipup,https://wiki.pokemonrevolution.net/index.php?title=Lillipup,V
Litwick,https://wiki.pokemonrevolution.net/index.php?title=Litwick,V
Mandibuzz,https://wiki.pokemonrevolution.net/index.php?title=Mandibuzz,V
Maractus,https://wiki.pokemonrevolution.net/index.php?title=Maractus,V
Meloetta,https://wiki.pokemonrevolution.net/index.php?title=Meloetta,V
Mienfoo,https://wiki.pokemonrevolution.net/index.php?title=Mienfoo,V
Mienshao,https://wiki.pokemonrevolution.net/index.php?title=Mienshao,V
Minccino,https://wiki.pokemonrevolution.net/index.php?title=Minccino,V
Munna,https://wiki.pokemonrevolution.net/index.php?title=Munna,V
Musharna,https://wiki.pokemonrevolution.net/index.php?title=Musharna,V
Oshawott,https://wiki.pokemonrevolution.net/index.php?title=Oshawott,V
Palpitoad,https://wiki.pokemonrevolution.net/index.php?title=Palpitoad,V
Panpour,https://wiki.pokemonrevolution.net/index.php?title=Panpour,V
Pansage,https://wiki.pokemonrevolution.net/index.php?title=Pansage,V
Pansear,https://wiki.pokemonrevolution.net/index.php?title=Pansear,V
Patrat,https://wiki.pokemonrevolution.net/index.php?title=Patrat,V
Pawniard,https://wiki.pokemonrevolution.net/index.php?title=Pawniard,V
Petilil,https://wiki.pokemonrevolution.net/index.php?title=Petilil,V
Pidove,https://wiki.pokemonrevolution.net/index.php?title=Pidove,V
Pignite,https://wiki.pokemonrevolution.net/index.php?title=Pignite,V
Purrloin,https://wiki.pokemonrevolution.net/index.php?title=Purrloin,V
Reshiram,https://wiki.pokemonrevolution.net/index.php?title=Reshiram,V
Reuniclus,https://wiki.pokemonrevolution.net/index.php?title=Reuniclus,V
Roggenrola,https://wiki.pokemonrevolution.net/index.php?title=Roggenrola,V
Rufflet,https://wiki.pokemonrevolution.net/index.php?title=Rufflet,V
Samurott,https://wiki.pokemonrevolution.net/index.php?title=Samurott,V
Sandile,https://wiki.pokemonrevolution.net/index.php?title=Sandile,V
Sawk,https://wiki.pokemonrevolution.net/index.php?title=Sawk,V
Sawsbuck,https://wiki.pokemonrevolution.net/index.php?title=Sawsbuck,V
Scolipede,https://wiki.pokemonrevolution.net/index.php?title=Scolipede,V
Scrafty,https://wiki.pokemonrevolution.net/index.php?title=Scrafty,V
Scraggy,https://wiki.pokemonrevolution.net/index.php?title=Scraggy,V
Seismitoad,https://wiki.pokemonrevolution.net/index.php?title=Seismitoad,V
Serperior,https://wiki.pokemonrevolution.net/index.php?title=Serperior,V
Servine,https://wiki.pokemonrevolution.net/index.php?title=Servine,V
Sewaddle,https://wiki.pokemonrevolution.net/index.php?title=Sewaddle,V
Shelmet,https://wiki.pokemonrevolution.net/index.php?title=Shelmet,V
Sigilyph,https://wiki.pokemonrevolution.net/index.php?title=Sigilyph,V
Simipour,https://wiki.pokemonrevolution.net/index.php?title=Simipour,V
Simisage,https://wiki.pokemonrevolution.net/index.php?title=Simisage,V
Simisear,https://wiki.pokemonrevolution.net/index.php?title=Simisear,V
Snivy,https://wiki.pokemonrevolution.net/index.php?title=Snivy,V
Solosis,https://wiki.pokemonrevolution.net/index.php?title=Solosis,V
Stoutland,https://wiki.pokemonrevolution.net/index.php?title=Stoutland,V
Stunfisk,https://wiki.pokemonrevolution.net/index.php?title=Stunfisk,V
Swadloon,https://wiki.pokemonrevolution.net/index.php?title=Swadloon,V
Swanna,https://wiki.pokemonrevolution.net/index.php?title=Swanna,V
Swoobat,https://wiki.pokemonrevolution.net/index.php?title=Swoobat,V
Tepig,https://wiki.pokemonrevolution.net/index.php?title=Tepig,V
Terrakion,https://wiki.pokemonrevolution.net/index.php?title=Terrakion,V
Throh,https://wiki.pokemonrevolution.net/index.php?title=Throh,V
Thundurus,https://wiki.pokemonrevolution.net/index.php?title=Thundurus,V
Timburr,https://wiki.pokemonrevolution.net/index.php?title=Timburr,V
Tirtouga,https://wiki.pokemonrevolution.net/index.php?title=Tirtouga,V
Tornadus,https://wiki.pokemonrevolution.net/index.php?title=Tornadus,V
Tranquill,https://wiki.pokemonrevolution.net/index.php?title=Tranquill,V
Trubbish,https://wiki.pokemonrevolution.net/index.php?title=Trubbish,V
Tympole,https://wiki.pokemonrevolution.net/index.php?title=Tympole,V
Tynamo,https://wiki.pokemonrevolution.net/index.php?title=Tynamo,V
Unfezant,https://wiki.pokemonrevolution.net/index.php?title=Unfezant,V
Vanillish,https://wiki.pokemonrevolution.net/index.php?title=Vanillish,V
Vanillite,https://wiki.pokemonrevolution.net/index.php?title=Vanillite,V
Vanilluxe,https://wiki.pokemonrevolution.net/index.php?title=Vanilluxe,V
Venipede,https://wiki.pokemonrevolution.net/index.php?title=Venipede,V
Victini,https://wiki.pokemonrevolution.net/index.php?title=Victini,V
Virizion,https://wiki.pokemonrevolution.net/index.php?title=Virizion,V
Volcarona,https://wiki.pokemonrevolution.net/index.php?title=Volcarona,V
Vullaby,https://wiki.pokemonrevolution.net/index.php?title=Vullaby,V
Watchog,https://wiki.pokemonrevolution.net/index.php?title=Watchog,V
Whimsicott,https://wiki.pokemonrevolution.net/index.php?title=Whimsicott,V
Whirlipede,https://wiki.pokemonrevolution.net/index.php?title=Whirlipede,V
Woobat,https://wiki.pokemonrevolution.net/index.php?title=Woobat,V
Yamask,https://wiki.pokemonrevolution.net/index.php?title=Yamask,V
Zebstrika,https://wiki.pokemonrevolution.net/index.php?title=Zebstrika,V
Zekrom,https://wiki.pokemonrevolution.net/index.php?title=Zekrom,V
Zoroark,https://wiki.pokemonrevolution.net/index.php?title=Zoroark,V
Zorua,https://wiki.pokemonrevolution.net/index.php?title=Zorua,V
Zweilous,https://wiki.pokemonrevolution.net/index.php?title=Zweilous,V
Aegislash,https://wiki.pokemonrevolution.net/index.php?title=Aegislash,VI
Amaura,https://wiki.pokemonrevolution.net/index.php?title=Amaura,VI
Aromatisse,https://wiki.pokemonrevolution.net/index.php?title=Aromatisse,VI
Aurorus,https://wiki.pokemonrevolution.net/index.php?title=Aurorus,VI
Avalugg,https://wiki.pokemonrevolution.net/index.php?title=Avalugg,VI
Barbaracle,https://wiki.pokemonrevolution.net/index.php?title=Barbaracle,VI
Bergmite,https://wiki.pokemonrevolution.net/index.php?title=Bergmite,VI
Binacle,https://wiki.pokemonrevolution.net/index.php?title=Binacle,VI
Braixen,https://wiki.pokemonrevolution.net/index.php?title=Braixen,VI
Bunnelby,https://wiki.pokemonrevolution.net/index.php?title=Bunnelby,VI
Carbink,https://wiki.pokemonrevolution.net/index.php?title=Carbink,VI
Chesnaught,https://wiki.pokemonrevolution.net/index.php?title=Chesnaught,VI
Chespin,https://wiki.pokemonrevolution.net/index.php?title=Chespin,VI
Clauncher,https://wiki.pokemonrevolution.net/index.php?title=Clauncher,VI
Clawitzer,https://wiki.pokemonrevolution.net/index.php?title=Clawitzer,VI
Dedenne,https://wiki.pokemonrevolution.net/index.php?title=Dedenne,VI
Delphox,https://wiki.pokemonrevolution.net/index.php?title=Delphox,VI
Diancie,https://wiki.pokemonrevolution.net/index.php?title=Diancie,VI
Diggersby,https://wiki.pokemonrevolution.net/index.php?title=Diggersby,VI
Doublade,https://wiki.pokemonrevolution.net/index.php?title=Doublade,VI
Dragalge,https://wiki.pokemonrevolution.net/index.php?title=Dragalge,VI
Espurr,https://wiki.pokemonrevolution.net/index.php?title=Espurr,VI
Fennekin,https://wiki.pokemonrevolution.net/index.php?title=Fennekin,VI
Flabebe,https://wiki.pokemonrevolution.net/index.php?title=Flabebe,VI
Fletchinder,https://wiki.pokemonrevolution.net/index.php?title=Fletchinder,VI
Fletchling,https://wiki.pokemonrevolution.net/index.php?title=Fletchling,VI
Floette,https://wiki.pokemonrevolution.net/index.php?title=Floette,VI
Florges,https://wiki.pokemonrevolution.net/index.php?title=Florges,VI
Froakie,https://wiki.pokemonrevolution.net/index.php?title=Froakie,VI
Frogadier,https://wiki.pokemonrevolution.net/index.php?title=Frogadier,VI
Furfrou,https://wiki.pokemonrevolution.net/index.php?title=Furfrou,VI
Gogoat,https://wiki.pokemonrevolution.net/index.php?title=Gogoat,VI
Goodra,https://wiki.pokemonrevolution.net/index.php?title=Goodra,VI
Goomy,https://wiki.pokemonrevolution.net/index.php?title=Goomy,VI
Gourgeist,https://wiki.pokemonrevolution.net/index.php?title=Gourgeist,VI
Greninja,https://wiki.pokemonrevolution.net/index.php?title=Greninja,VI
Hawlucha,https://wiki.pokemonrevolution.net/index.php?title=Hawlucha,VI
Heliolisk,https://wiki.pokemonrevolution.net/index.php?title=Heliolisk,VI
Helioptile,https://wiki.pokemonrevolution.net/index.php?title=Helioptile,VI
Honedge,https://wiki.pokemonrevolution.net/index.php?title=Honedge,VI
Hoopa,https://wiki.pokemonrevolution.net/index.php?title=Hoopa,VI
Inkay,https://wiki.pokemonrevolution.net/index.php?title=Inkay,VI
Klefki,https://wiki.pokemonrevolution.net/index.php?title=Klefki,VI
Litleo,https://wiki.pokemonrevolution.net/index.php?title=Litleo,VI
Malamar,https://wiki.pokemonrevolution.net/index.php?title=Malamar,VI
Meowstic,https://wiki.pokemonrevolution.net/index.php?title=Meowstic,VI
Noibat,https://wiki.pokemonrevolution.net/index.php?title=Noibat,VI
Noivern,https://wiki.pokemonrevolution.net/index.php?title=Noivern,VI
Pancham,https://wiki.pokemonrevolution.net/index.php?title=Pancham,VI
Pangoro,https://wiki.pokemonrevolution.net/index.php?title=Pangoro,VI
Phantump,https://wiki.pokemonrevolution.net/index.php?title=Phantump,VI
Pumpkaboo,https://wiki.pokemonrevolution.net/index.php?title=Pumpkaboo,VI
Pyroar,https://wiki.pokemonrevolution.net/index.php?title=Pyroar,VI
Quilladin,https://wiki.pokemonrevolution.net/index.php?title=Quilladin,VI
Scatterbug,https://wiki.pokemonrevolution.net/index.php?title=Scatterbug,VI
Skiddo,https://wiki.pokemonrevolution.net/index.php?title=Skiddo,VI
Skrelp,https://wiki.pokemonrevolution.net/index.php?title=Skrelp,VI
Sliggoo,https://wiki.pokemonrevolution.net/index.php?title=Sliggoo,VI
Slurpuff,https://wiki.pokemonrevolution.net/index.php?title=Slurpuff,VI
Spewpa,https://wiki.pokemonrevolution.net/index.php?title=Spewpa,VI
Spritzee,https://wiki.pokemonrevolution.net/index.php?title=Spritzee,VI
Swirlix,https://wiki.pokemonrevolution.net/index.php?title=Swirlix,VI
Sylveon,https://wiki.pokemonrevolution.net/index.php?title=Sylveon,VI
Talonflame,https://wiki.pokemonrevolution.net/index.php?title=Talonflame,VI
Trevenant,https://wiki.pokemonrevolution.net/index.php?title=Trevenant,VI
Tyrantrum,https://wiki.pokemonrevolution.net/index.php?title=Tyrantrum,VI
Tyrunt,https://wiki.pokemonrevolution.net/index.php?title=Tyrunt,VI
Vivillon,https://wiki.pokemonrevolution.net/index.php?title=Vivillon,VI
Volcanion,https://wiki.pokemonrevolution.net/index.php?title=Volcanion,VI
Xerneas,https://wiki.pokemonrevolution.net/index.php?title=Xerneas,VI
Yveltal,https://wiki.pokemonrevolution.net/index.php?title=Yveltal,VI
Zygarde,https://wiki.pokemonrevolution.net/index.php?title=Zygarde,VI
Araquanid,https://wiki.pokemonrevolution.net/index.php?title=Araquanid,VII
Bewear,https://wiki.pokemonrevolution.net/index.php?title=Bewear,VII
Bounsweet,https://wiki.pokemonrevolution.net/index.php?title=Bounsweet,VII
Brionne,https://wiki.pokemonrevolution.net/index.php?title=Brionne,VII
Charjabug,https://wiki.pokemonrevolution.net/index.php?title=Charjabug,VII
Crabominable,https://wiki.pokemonrevolution.net/index.php?title=Crabominable,VII
Crabrawler,https://wiki.pokemonrevolution.net/index.php?title=Crabrawler,VII
Cutiefly,https://wiki.pokemonrevolution.net/index.php?title=Cutiefly,VII
Dartrix,https://wiki.pokemonrevolution.net/index.php?title=Dartrix,VII
Decidueye,https://wiki.pokemonrevolution.net/index.php?title=Decidueye,VII
Dewpider,https://wiki.pokemonrevolution.net/index.php?title=Dewpider,VII
Dhelmise,https://wiki.pokemonrevolution.net/index.php?title=Dhelmise,VII
Fomantis,https://wiki.pokemonrevolution.net/index.php?title=Fomantis,VII
Grubbin,https://wiki.pokemonrevolution.net/index.php?title=Grubbin,VII
Gumshoos,https://wiki.pokemonrevolution.net/index.php?title=Gumshoos,VII
Hakamo-o,https://wiki.pokemonrevolution.net/index.php?title=Hakamo-o,VII
Incineroar,https://wiki.pokemonrevolution.net/index.php?title=Incineroar,VII
Jangmo-o,https://wiki.pokemonrevolution.net/index.php?title=Jangmo-o,VII
Komala,https://wiki.pokemonrevolution.net/index.php?title=Komala,VII
Kommo-o,https://wiki.pokemonrevolution.net/index.php?title=Kommo-o,VII
Kyurem,https://wiki.pokemonrevolution.net/index.php?title=Kyurem,VII
Litten,https://wiki.pokemonrevolution.net/index.php?title=Litten,VII
Lunala,https://wiki.pokemonrevolution.net/index.php?title=Lunala,VII
Lurantis,https://wiki.pokemonrevolution.net/index.php?title=Lurantis,VII
Lycanroc-Midday,https://wiki.pokemonrevolution.net/index.php?title=Lycanroc-Midday,VII
Mareanie,https://wiki.pokemonrevolution.net/index.php?title=Mareanie,VII
Mimikyu,https://wiki.pokemonrevolution.net/index.php?title=Mimikyu,VII
Morelull,https://wiki.pokemonrevolution.net/index.php?title=Morelull,VII
Mudbray,https://wiki.pokemonrevolution.net/index.php?title=Mudbray,VII
Mudsdale,https://wiki.pokemonrevolution.net/index.php?title=Mudsdale,VII
Oricorio Baile,https://wiki.pokemonrevolution.net/index.php?title=Oricorio_Baile,VII
Palossand,https://wiki.pokemonrevolution.net/index.php?title=Palossand,VII
Pikipek,https://wiki.pokemonrevolution.net/index.php?title=Pikipek,VII
Popplio,https://wiki.pokemonrevolution.net/index.php?title=Popplio,VII
Primarina,https://wiki.pokemonrevolution.net/index.php?title=Primarina,VII
Ribombee,https://wiki.pokemonrevolution.net/index.php?title=Ribombee,VII
Rockruff,https://wiki.pokemonrevolution.net/index.php?title=Rockruff,VII
Rowlet,https://wiki.pokemonrevolution.net/index.php?title=Rowlet,VII
Salandit,https://wiki.pokemonrevolution.net/index.php?title=Salandit,VII
Salazzle,https://wiki.pokemonrevolution.net/index.php?title=Salazzle,VII
Sandygast,https://wiki.pokemonrevolution.net/index.php?title=Sandygast,VII
Shiinotic,https://wiki.pokemonrevolution.net/index.php?title=Shiinotic,VII
Solgaleo,https://wiki.pokemonrevolution.net/index.php?title=Solgaleo,VII
Steenee,https://wiki.pokemonrevolution.net/index.php?title=Steenee,VII
Stufful,https://wiki.pokemonrevolution.net/index.php?title=Stufful,VII
Torracat,https://wiki.pokemonrevolution.net/index.php?title=Torracat,VII
Toucannon,https://wiki.pokemonrevolution.net/index.php?title=Toucannon,VII
Toxapex,https://wiki.pokemonrevolution.net/index.php?title=Toxapex,VII
Trumbeak,https://wiki.pokemonrevolution.net/index.php?title=Trumbeak,VII
Tsareena,https://wiki.pokemonrevolution.net/index.php?title=Tsareena,VII
Vikavolt,https://wiki.pokemonrevolution.net/index.php?title=Vikavolt,VII
Wishiwashi Solo,https://wiki.pokemonrevolution.net/index.php?title=Wishiwashi_Solo,VII
Yungoos,https://wiki.pokemonrevolution.net/index.php?title=Yungoos,VII
